Top consultas,Cliques,Impressões,CTR,Posição
gerar chassi,2,170,1.18%,7.74
criar placa mercosul online,1,6,16.67%,5
validador de inscrição estadual,1,2,50%,6.5
validate_docbr ie inscricao estadual,0,814,0%,10.06
gerador de inscrição estadual,0,205,0%,13.4
gerador de chassi,0,171,0%,9.26
gerador chassi,0,111,0%,8.41
gerador de chassi veiculo,0,77,0%,7.81
gerar renavam,0,73,0%,9.68
gerador ie,0,71,0%,9.13
gerador de ie,0,67,0%,18.19
gerador inscrição estadual,0,64,0%,19.61
gerar placa de carro,0,35,0%,10.43
gerar placa,0,34,0%,7.5
uuid,0,26,0%,74.27
validate_docbr documentation ie inscricao estadual,0,24,0%,6.12
gerador de titulo de eleitor,0,23,0%,20.78
inscrição estadual gerador,0,23,0%,32.91
gerar placa mercosul,0,21,0%,8.33
chassi ficticio,0,21,0%,8.52
gerar telefone fixo,0,21,0%,24.95
gerador placa de carro,0,19,0%,11.84
gerador de inscricao estadual,0,19,0%,38.47
conversor de unidades,0,19,0%,71.89
chassi gerador,0,18,0%,8.44
gerador de placa mercosul,0,15,0%,7.6
validador de email,0,13,0%,56.23
gerador de placas,0,12,0%,12.08
gerador titulo de eleitor,0,12,0%,39.58
gerador de telefone fixo,0,11,0%,33.73
gerador de placa online,0,9,0%,7
conversão de bases,0,9,0%,73.22
gerador de placas de carros,0,8,0%,7.12
gerar telefone,0,8,0%,8.88
gerador de renavam,0,8,0%,13.62
conversor unidade,0,8,0%,92
gerar placa de veiculo,0,7,0%,7
chassi generator,0,7,0%,9.71
gerador placa mercosul,0,7,0%,11.71
placeholder,0,7,0%,70.86
gerador de placa de veiculos,0,6,0%,6.33
gerador inscricao estadual,0,6,0%,12.17
gerador de titulo eleitoral,0,6,0%,27
converter bases,0,6,0%,58.17
gerador de placa,0,6,0%,61.83
conversor moedas online,0,6,0%,91.67
gerador de placas mercosul,0,5,0%,8.6
conversor de placa mercosul,0,5,0%,30.4
converter placa mercosul,0,5,0%,42.4
gerar celular,0,5,0%,56.6
validador de pis,0,5,0%,79
conversor de moedas online,0,5,0%,79.8
gerador de cnpj,0,5,0%,88.2
gerador de placa de veiculo,0,4,0%,7.25
gerador de chassis,0,4,0%,8.5
gerar renavan,0,4,0%,9.25
gerador renavam,0,4,0%,15.25
gerador de título de eleitor,0,4,0%,23
conversor de bases,0,4,0%,40.5
criar um certificado,0,4,0%,47.75
conversor placa mercosul,0,4,0%,63.25
conversão de base,0,4,0%,70.75
conversor de bases numericas,0,4,0%,78.75
conversão mercosul,0,4,0%,79.25
conversor de moeda online,0,4,0%,81
gerar cnpj,0,4,0%,83.75
uuid uuid,0,4,0%,85.75
uuidv4,0,4,0%,86
converter unidades de medida,0,4,0%,91.25
gerar uuid,0,4,0%,91.25
gera ie,0,3,0%,9
gerador de renavam e placa,0,3,0%,9.67
conversor de placas mercosul,0,3,0%,15.33
gerador de numero de celular,0,3,0%,32.67
validador de email online,0,3,0%,37.67
converter base,0,3,0%,52.67
gerador de cnpj alfanumerico,0,3,0%,62
conversor unidade de medida,0,3,0%,69.33
validador de emails,0,3,0%,73
pesquisa de empresas por cnae,0,3,0%,74.67
conversor de medida,0,3,0%,78.33
validar e-mail,0,3,0%,84
gerar inscrição estadual,0,3,0%,84.33
placeholder image,0,3,0%,86.67
cnae onde encontrar,0,3,0%,88.67
validação de email,0,3,0%,88.67
findation.com,0,2,0%,6
cambio de base online,0,2,0%,8.5
validador de ie,0,2,0%,9
validate_docbr ie inscrição estadual,0,2,0%,10
lreom,0,2,0%,28
gerador de renavan,0,2,0%,31.5
verificador de email online,0,2,0%,39.5
validar email,0,2,0%,47
cartao de credito dev,0,2,0%,49
validador de email gratuito,0,2,0%,49
validador de e mail,0,2,0%,49.5
pessoa gerador,0,2,0%,53
gerador pessoa,0,2,0%,55
validador de e-mail,0,2,0%,60.5
codificador fipe,0,2,0%,62.5
email valido,0,2,0%,62.5
gerador de placa de carro,0,2,0%,65
v4 uuid,0,2,0%,66
gerador de pis,0,2,0%,66.5
cnae web,0,2,0%,68
como copiar o favicon de um site,0,2,0%,71
gerador de certificado,0,2,0%,71
gerador de cnpj válido,0,2,0%,78
urlencoder,0,2,0%,79
conversor medidas,0,2,0%,80
validar cnpj,0,2,0%,81.5
conversao de bases,0,2,0%,83
conversor de unidades de medida,0,2,0%,83
encodeuricomponent vs encodeuri,0,2,0%,83.5
uuid v4,0,2,0%,83.5
criar favicon,0,2,0%,85.5
cnpj generico,0,2,0%,89
conversão placa mercosul,0,2,0%,89.5
busca cnae,0,2,0%,90
gerador cnpj valido,0,2,0%,90
gerador de uuid,0,2,0%,90
gerador uuid v4,0,2,0%,90.5
consultar cnae da empresa,0,2,0%,92
uuids,0,2,0%,97
conversão de moedas online,0,2,0%,98
gerar numero de pis,0,1,0%,3
inscrição estadual gerar,0,1,0%,5
valid thru cartão,0,1,0%,7
conversor placa,0,1,0%,9
pegar favicon de um site,0,1,0%,9
renavam gerador,0,1,0%,9
fazer placa mercosul online,0,1,0%,10
gera pessoa,0,1,0%,10
gerador de telefone celular,0,1,0%,10
converter placa mercosul online,0,1,0%,11
validate_docbr inscricao estadual ie,0,1,0%,11
quantas linhas?,0,1,0%,13
gerador de celular,0,1,0%,15
gerador de cnae,0,1,0%,19
gerador de veiculos,0,1,0%,20
validador inscrição estadual,0,1,0%,20
validar email online,0,1,0%,21
validar pis,0,1,0%,28
conversor de moeda online gratis,0,1,0%,31
gerador de cartao de credito com codigo de segurança online,0,1,0%,36
conversor de unidade de medida,0,1,0%,38
conversão de placas mercosul,0,1,0%,39
cnae busca,0,1,0%,41
conversor mercosul,0,1,0%,41
imgplaceholder,0,1,0%,41
gerador de cartao de credito dev,0,1,0%,43
inscrição estadual do tocantins,0,1,0%,43
buscar cnae,0,1,0%,45
cnpj gerar,0,1,0%,45
gerador de favicon,0,1,0%,45
verificador de e-mail valido,0,1,0%,45
gerado de cc,0,1,0%,46
images placeholder,0,1,0%,46
numeros de celulares validos,0,1,0%,46
conversor de placa,0,1,0%,47
dados de cartão de crédito válido para compras,0,1,0%,49
tabela fipe online,0,1,0%,49
gerar cartão de credito valido com cpf,0,1,0%,50
numero cartao de credito mastercard valido,0,1,0%,54
busca de cnae,0,1,0%,55
cartao de credito ficticio,0,1,0%,56
conversor medidas google,0,1,0%,57
gerador de número de celular brasileiro,0,1,0%,57
converter unidades,0,1,0%,58
placeholder images,0,1,0%,58
gerador de numeros de celular,0,1,0%,59
gerador de telefone,0,1,0%,60
conversor de unidades online,0,1,0%,61
gerador de número de celular,0,1,0%,61
validador pis,0,1,0%,61
contador de linhas,0,1,0%,62
gerador cnpj alfanumerico,0,1,0%,62
consulta tabela fipe gratis,0,1,0%,63
gerador de hash,0,1,0%,64
buscador de cnae,0,1,0%,65
placa mercosul conversão,0,1,0%,65
numero de celular valido,0,1,0%,66
url encode,0,1,0%,66
criar certificado de curso,0,1,0%,67
número de telefone com ddd,0,1,0%,67
gerador de dados pessoais,0,1,0%,69
gerar cnpj filial,0,1,0%,69
gerador chave nfe,0,1,0%,70
gerar cnpj válido,0,1,0%,70
cartão de credito ficticio,0,1,0%,71
cnpj válido,0,1,0%,71
conversor de medidas,0,1,0%,71
gerador telefone,0,1,0%,71
base decimal,0,1,0%,73
cartão clonado gerador,0,1,0%,74
conversão placa,0,1,0%,74
gerador de pessoas,0,1,0%,74
place holder image,0,1,0%,74
contador de caracteres online,0,1,0%,75
criar cartao de credito valido,0,1,0%,75
gerador cnpj online,0,1,0%,75
universally unique identifier,0,1,0%,76
contador de paragrafos,0,1,0%,78
gerar pessoas,0,1,0%,78
gera cnpj,0,1,0%,79
validador cnpj,0,1,0%,79
cnpj valido,0,1,0%,80
conversão de placas,0,1,0%,80
conversão unidade de medida,0,1,0%,80
gerar uuid v4,0,1,0%,80
convertidor de medidas,0,1,0%,81
numeros de cartao de credito validos,0,1,0%,82
place holder,0,1,0%,82
favicon site,0,1,0%,83
image placeholder,0,1,0%,84
lorem ipsum texto,0,1,0%,84
gerador de cnpj valido,0,1,0%,85
uuuid,0,1,0%,85
converter de base,0,1,0%,86
encodeuri,0,1,0%,86
imagem placeholder,0,1,0%,86
cartão ficticio,0,1,0%,88
conversão unidades,0,1,0%,88
gerar numero de cartao de credito,0,1,0%,88
cnpj alfanumérico gerador,0,1,0%,89
numeros de cartao de creditos,0,1,0%,89
transformar unidade de medida,0,1,0%,89
cnpj generator,0,1,0%,90
converter unidade,0,1,0%,90
gerador de cnpoj,0,1,0%,90
gerador de placa de carros,0,1,0%,90
gerar pis,0,1,0%,91
pesquisar empresas por cnae,0,1,0%,92
place holder img,0,1,0%,92
conversao de base,0,1,0%,93
site favicon,0,1,0%,93
cartao de credito valido,0,1,0%,94
converter unidades de medidas,0,1,0%,94
gerador de pis online,0,1,0%,94
placeholder img,0,1,0%,94
uu id,0,1,0%,94
verificação de email valido,0,1,0%,94
cnpj exemplo valido,0,1,0%,95
calculadora de unidade de medida,0,1,0%,96
gerador de cartão de credito falso,0,1,0%,96
pesquisar cnae,0,1,0%,96
placeholder.png,0,1,0%,96
conversor binario online,0,1,0%,97
conversor unidades de medida,0,1,0%,97
conversão moeda online,0,1,0%,97
cnae pesquisa,0,1,0%,99
conversor de base,0,1,0%,99
pesquisa cnae,0,1,0%,99
converso de medidas,0,1,0%,100
conversor de números,0,1,0%,100
gerador cartão credito,0,1,0%,100
gerador de cartão de credito completo valido,0,1,0%,100
gerar fav icon,0,1,0%,100
cartão de crédito válido para compra online,0,1,0%,220